Type,Subtype,Subset,Filter,Genotype,QQ.Field,QQ,METRIC.Recall,METRIC.Precision,METRIC.Frac_NA,METRIC.F1_Score,FP.gt,FP.al,Subset.Size,Subset.IS_CONF.Size,Subset.Level,TRUTH.TOTAL,TRUTH.TOTAL.ti,TRUTH.TOTAL.tv,TRUTH.TOTAL.het,TRUTH.TOTAL.homalt,TRUTH.TOTAL.TiTv_ratio,TRUTH.TOTAL.het_hom_ratio,TRUTH.TP,TRUTH.TP.ti,TRUTH.TP.tv,TRUTH.TP.het,TRUTH.TP.homalt,TRUTH.TP.TiTv_ratio,TRUTH.TP.het_hom_ratio,TRUTH.FN,TRUTH.FN.ti,TRUTH.FN.tv,TRUTH.FN.het,TRUTH.FN.homalt,TRUTH.FN.TiTv_ratio,TRUTH.FN.het_hom_ratio,QUERY.TOTAL,QUERY.TOTAL.ti,QUERY.TOTAL.tv,QUERY.TOTAL.het,QUERY.TOTAL.homalt,QUERY.TOTAL.TiTv_ratio,QUERY.TOTAL.het_hom_ratio,QUERY.TP,QUERY.TP.ti,QUERY.TP.tv,QUERY.TP.het,QUERY.TP.homalt,QUERY.TP.TiTv_ratio,QUERY.TP.het_hom_ratio,QUERY.FP,QUERY.FP.ti,QUERY.FP.tv,QUERY.FP.het,QUERY.FP.homalt,QUERY.FP.TiTv_ratio,QUERY.FP.het_hom_ratio,QUERY.UNK,QUERY.UNK.ti,QUERY.UNK.tv,QUERY.UNK.het,QUERY.UNK.homalt,QUERY.UNK.TiTv_ratio,QUERY.UNK.het_hom_ratio
INDEL,*,*,ALL,*,QUAL,*,0.75,0.75,0.692308,0.75,1,0,1100000,9060.000000,0.000000,4,.,.,1.000000,3.000000,,0.333333333333,3,.,.,1.000000,2.000000,,0.5,1,.,.,0.000000,1.000000,,0.0,13,.,.,10.000000,3.000000,,3.33333333333,3,.,.,1.000000,2.000000,,0.5,1,.,.,1.000000,0.000000,,,9,.,.,8.000000,1.000000,,8.0
INDEL,*,*,PASS,*,QUAL,*,0.75,0.75,0.692308,0.75,1,0,1100000,9060.000000,0.000000,4,.,.,1.000000,3.000000,,0.333333333333,3,.,.,1.000000,2.000000,,0.5,1,.,.,0.000000,1.000000,,0.0,13,.,.,10.000000,3.000000,,3.33333333333,3,.,.,1.000000,2.000000,,0.5,1,.,.,1.000000,0.000000,,,9,.,.,8.000000,1.000000,,8.0
INDEL,*,TS_contained,ALL,*,QUAL,*,0.75,0.75,0.0,0.75,1,0,9060.000000,9060.000000,0.000000,4,.,.,1.000000,3.000000,,0.333333333333,3,.,.,1.000000,2.000000,,0.5,1,.,.,0.000000,1.000000,,0.0,4,.,.,2.000000,2.000000,,1.0,3,.,.,1.000000,2.000000,,0.5,1,.,.,1.000000,0.000000,,,0,.,.,0.000000,0.000000,,
INDEL,*,TS_contained,PASS,*,QUAL,*,0.75,0.75,0.0,0.75,1,0,9060.000000,9060.000000,0.000000,4,.,.,1.000000,3.000000,,0.333333333333,3,.,.,1.000000,2.000000,,0.5,1,.,.,0.000000,1.000000,,0.0,4,.,.,2.000000,2.000000,,1.0,3,.,.,1.000000,2.000000,,0.5,1,.,.,1.000000,0.000000,,,0,.,.,0.000000,0.000000,,
INDEL,C16_PLUS,*,ALL,*,QUAL,*,0.0,0.0,0.0,,0,0,1100000,9060.000000,0.000000,0,.,.,0.000000,0.000000,,,0,.,.,0.000000,0.000000,,,0,.,.,0.000000,0.000000,,,0,.,.,0.000000,0.000000,,,0,.,.,0.000000,0.000000,,,0,.,.,0.000000,0.000000,,,0,.,.,0.000000,0.000000,,
INDEL,C16_PLUS,*,PASS,*,QUAL,*,0.0,0.0,0.0,,0,0,1100000,9060.000000,0.000000,0,.,.,0.000000,0.000000,,,0,.,.,0.000000,0.000000,,,0,.,.,0.000000,0.000000,,,0,.,.,0.000000,0.000000,,,0,.,.,0.000000,0.000000,,,0,.,.,0.000000,0.000000,,,0,.,.,0.000000,0.000000,,
INDEL,C16_PLUS,TS_contained,ALL,*,QUAL,*,0.0,0.0,0.0,,0,0,9060.000000,9060.000000,0.000000,0,.,.,0.000000,0.000000,,,0,.,.,0.000000,0.000000,,,0,.,.,0.000000,0.000000,,,0,.,.,0.000000,0.000000,,,0,.,.,0.000000,0.000000,,,0,.,.,0.000000,0.000000,,,0,.,.,0.000000,0.000000,,
INDEL,C16_PLUS,TS_contained,PASS,*,QUAL,*,0.0,0.0,0.0,,0,0,9060.000000,9060.000000,0.000000,0,.,.,0.000000,0.000000,,,0,.,.,0.000000,0.000000,,,0,.,.,0.000000,0.000000,,,0,.,.,0.000000,0.000000,,,0,.,.,0.000000,0.000000,,,0,.,.,0.000000,0.000000,,,0,.,.,0.000000,0.000000,,
INDEL,C1_5,*,ALL,*,QUAL,*,0.0,0.0,0.0,,0,0,1100000,9060.000000,0.000000,0,.,.,0.000000,0.000000,,,0,.,.,0.000000,0.000000,,,0,.,.,0.000000,0.000000,,,0,.,.,0.000000,0.000000,,,0,.,.,0.000000,0.000000,,,0,.,.,0.000000,0.000000,,,0,.,.,0.000000,0.000000,,
INDEL,C1_5,*,PASS,*,QUAL,*,0.0,0.0,0.0,,0,0,1100000,9060.000000,0.000000,0,.,.,0.000000,0.000000,,,0,.,.,0.000000,0.000000,,,0,.,.,0.000000,0.000000,,,0,.,.,0.000000,0.000000,,,0,.,.,0.000000,0.000000,,,0,.,.,0.000000,0.000000,,,0,.,.,0.000000,0.000000,,
INDEL,C1_5,TS_contained,ALL,*,QUAL,*,0.0,0.0,0.0,,0,0,9060.000000,9060.000000,0.000000,0,.,.,0.000000,0.000000,,,0,.,.,0.000000,0.000000,,,0,.,.,0.000000,0.000000,,,0,.,.,0.000000,0.000000,,,0,.,.,0.000000,0.000000,,,0,.,.,0.000000,0.000000,,,0,.,.,0.000000,0.000000,,
INDEL,C1_5,TS_contained,PASS,*,QUAL,*,0.0,0.0,0.0,,0,0,9060.000000,9060.000000,0.000000,0,.,.,0.000000,0.000000,,,0,.,.,0.000000,0.000000,,,0,.,.,0.000000,0.000000,,,0,.,.,0.000000,0.000000,,,0,.,.,0.000000,0.000000,,,0,.,.,0.000000,0.000000,,,0,.,.,0.000000,0.000000,,
INDEL,C6_15,*,ALL,*,QUAL,*,0.0,0.0,0.0,,0,0,1100000,9060.000000,0.000000,0,.,.,0.000000,0.000000,,,0,.,.,0.000000,0.000000,,,0,.,.,0.000000,0.000000,,,0,.,.,0.000000,0.000000,,,0,.,.,0.000000,0.000000,,,0,.,.,0.000000,0.000000,,,0,.,.,0.000000,0.000000,,
INDEL,C6_15,*,PASS,*,QUAL,*,0.0,0.0,0.0,,0,0,1100000,9060.000000,0.000000,0,.,.,0.000000,0.000000,,,0,.,.,0.000000,0.000000,,,0,.,.,0.000000,0.000000,,,0,.,.,0.000000,0.000000,,,0,.,.,0.000000,0.000000,,,0,.,.,0.000000,0.000000,,,0,.,.,0.000000,0.000000,,
INDEL,C6_15,TS_contained,ALL,*,QUAL,*,0.0,0.0,0.0,,0,0,9060.000000,9060.000000,0.000000,0,.,.,0.000000,0.000000,,,0,.,.,0.000000,0.000000,,,0,.,.,0.000000,0.000000,,,0,.,.,0.000000,0.000000,,,0,.,.,0.000000,0.000000,,,0,.,.,0.000000,0.000000,,,0,.,.,0.000000,0.000000,,
INDEL,C6_15,TS_contained,PASS,*,QUAL,*,0.0,0.0,0.0,,0,0,9060.000000,9060.000000,0.000000,0,.,.,0.000000,0.000000,,,0,.,.,0.000000,0.000000,,,0,.,.,0.000000,0.000000,,,0,.,.,0.000000,0.000000,,,0,.,.,0.000000,0.000000,,,0,.,.,0.000000,0.000000,,,0,.,.,0.000000,0.000000,,
INDEL,D16_PLUS,*,ALL,*,QUAL,*,0.0,0.0,0.0,,0,0,1100000,9060.000000,0.000000,0,.,.,0.000000,0.000000,,,0,.,.,0.000000,0.000000,,,0,.,.,0.000000,0.000000,,,0,.,.,0.000000,0.000000,,,0,.,.,0.000000,0.000000,,,0,.,.,0.000000,0.000000,,,0,.,.,0.000000,0.000000,,
INDEL,D16_PLUS,*,PASS,*,QUAL,*,0.0,0.0,0.0,,0,0,1100000,9060.000000,0.000000,0,.,.,0.000000,0.000000,,,0,.,.,0.000000,0.000000,,,0,.,.,0.000000,0.000000,,,0,.,.,0.000000,0.000000,,,0,.,.,0.000000,0.000000,,,0,.,.,0.000000,0.000000,,,0,.,.,0.000000,0.000000,,
INDEL,D16_PLUS,TS_contained,ALL,*,QUAL,*,0.0,0.0,0.0,,0,0,9060.000000,9060.000000,0.000000,0,.,.,0.000000,0.000000,,,0,.,.,0.000000,0.000000,,,0,.,.,0.000000,0.000000,,,0,.,.,0.000000,0.000000,,,0,.,.,0.000000,0.000000,,,0,.,.,0.000000,0.000000,,,0,.,.,0.000000,0.000000,,
INDEL,D16_PLUS,TS_contained,PASS,*,QUAL,*,0.0,0.0,0.0,,0,0,9060.000000,9060.000000,0.000000,0,.,.,0.000000,0.000000,,,0,.,.,0.000000,0.000000,,,0,.,.,0.000000,0.000000,,,0,.,.,0.000000,0.000000,,,0,.,.,0.000000,0.000000,,,0,.,.,0.000000,0.000000,,,0,.,.,0.000000,0.000000,,
INDEL,D1_5,*,ALL,*,QUAL,*,1.0,1.0,0.333333,1.0,0,0,1100000,9060.000000,0.000000,2,.,.,0.000000,2.000000,,0.0,2,.,.,0.000000,2.000000,,0.0,0,.,.,0.000000,0.000000,,,3,.,.,1.000000,2.000000,,0.5,2,.,.,0.000000,2.000000,,0.0,0,.,.,0.000000,0.000000,,,1,.,.,1.000000,0.000000,,
INDEL,D1_5,*,PASS,*,QUAL,*,1.0,1.0,0.333333,1.0,0,0,1100000,9060.000000,0.000000,2,.,.,0.000000,2.000000,,0.0,2,.,.,0.000000,2.000000,,0.0,0,.,.,0.000000,0.000000,,,3,.,.,1.000000,2.000000,,0.5,2,.,.,0.000000,2.000000,,0.0,0,.,.,0.000000,0.000000,,,1,.,.,1.000000,0.000000,,
INDEL,D1_5,TS_contained,ALL,*,QUAL,*,1.0,1.0,0.0,1.0,0,0,9060.000000,9060.000000,0.000000,2,.,.,0.000000,2.000000,,0.0,2,.,.,0.000000,2.000000,,0.0,0,.,.,0.000000,0.000000,,,2,.,.,0.000000,2.000000,,0.0,2,.,.,0.000000,2.000000,,0.0,0,.,.,0.000000,0.000000,,,0,.,.,0.000000,0.000000,,
INDEL,D1_5,TS_contained,PASS,*,QUAL,*,1.0,1.0,0.0,1.0,0,0,9060.000000,9060.000000,0.000000,2,.,.,0.000000,2.000000,,0.0,2,.,.,0.000000,2.000000,,0.0,0,.,.,0.000000,0.000000,,,2,.,.,0.000000,2.000000,,0.0,2,.,.,0.000000,2.000000,,0.0,0,.,.,0.000000,0.000000,,,0,.,.,0.000000,0.000000,,
INDEL,D6_15,*,ALL,*,QUAL,*,1.0,1.0,0.5,1.0,0,0,1100000,9060.000000,0.000000,1,.,.,1.000000,0.000000,,,1,.,.,1.000000,0.000000,,,0,.,.,0.000000,0.000000,,,2,.,.,2.000000,0.000000,,,1,.,.,1.000000,0.000000,,,0,.,.,0.000000,0.000000,,,1,.,.,1.000000,0.000000,,
INDEL,D6_15,*,PASS,*,QUAL,*,1.0,1.0,0.5,1.0,0,0,1100000,9060.000000,0.000000,1,.,.,1.000000,0.000000,,,1,.,.,1.000000,0.000000,,,0,.,.,0.000000,0.000000,,,2,.,.,2.000000,0.000000,,,1,.,.,1.000000,0.000000,,,0,.,.,0.000000,0.000000,,,1,.,.,1.000000,0.000000,,
INDEL,D6_15,TS_contained,ALL,*,QUAL,*,1.0,1.0,0.0,1.0,0,0,9060.000000,9060.000000,0.000000,1,.,.,1.000000,0.000000,,,1,.,.,1.000000,0.000000,,,0,.,.,0.000000,0.000000,,,1,.,.,1.000000,0.000000,,,1,.,.,1.000000,0.000000,,,0,.,.,0.000000,0.000000,,,0,.,.,0.000000,0.000000,,
INDEL,D6_15,TS_contained,PASS,*,QUAL,*,1.0,1.0,0.0,1.0,0,0,9060.000000,9060.000000,0.000000,1,.,.,1.000000,0.000000,,,1,.,.,1.000000,0.000000,,,0,.,.,0.000000,0.000000,,,1,.,.,1.000000,0.000000,,,1,.,.,1.000000,0.000000,,,0,.,.,0.000000,0.000000,,,0,.,.,0.000000,0.000000,,
INDEL,I16_PLUS,*,ALL,*,QUAL,*,0.0,0.0,0.0,,0,0,1100000,9060.000000,0.000000,0,.,.,0.000000,0.000000,,,0,.,.,0.000000,0.000000,,,0,.,.,0.000000,0.000000,,,0,.,.,0.000000,0.000000,,,0,.,.,0.000000,0.000000,,,0,.,.,0.000000,0.000000,,,0,.,.,0.000000,0.000000,,
INDEL,I16_PLUS,*,PASS,*,QUAL,*,0.0,0.0,0.0,,0,0,1100000,9060.000000,0.000000,0,.,.,0.000000,0.000000,,,0,.,.,0.000000,0.000000,,,0,.,.,0.000000,0.000000,,,0,.,.,0.000000,0.000000,,,0,.,.,0.000000,0.000000,,,0,.,.,0.000000,0.000000,,,0,.,.,0.000000,0.000000,,
INDEL,I16_PLUS,TS_contained,ALL,*,QUAL,*,0.0,0.0,0.0,,0,0,9060.000000,9060.000000,0.000000,0,.,.,0.000000,0.000000,,,0,.,.,0.000000,0.000000,,,0,.,.,0.000000,0.000000,,,0,.,.,0.000000,0.000000,,,0,.,.,0.000000,0.000000,,,0,.,.,0.000000,0.000000,,,0,.,.,0.000000,0.000000,,
INDEL,I16_PLUS,TS_contained,PASS,*,QUAL,*,0.0,0.0,0.0,,0,0,9060.000000,9060.000000,0.000000,0,.,.,0.000000,0.000000,,,0,.,.,0.000000,0.000000,,,0,.,.,0.000000,0.000000,,,0,.,.,0.000000,0.000000,,,0,.,.,0.000000,0.000000,,,0,.,.,0.000000,0.000000,,,0,.,.,0.000000,0.000000,,
INDEL,I1_5,*,ALL,*,QUAL,*,0.0,0.0,0.875,,1,0,1100000,9060.000000,0.000000,1,.,.,0.000000,1.000000,,0.0,0,.,.,0.000000,0.000000,,,1,.,.,0.000000,1.000000,,0.0,8,.,.,7.000000,1.000000,,7.0,0,.,.,0.000000,0.000000,,,1,.,.,1.000000,0.000000,,,7,.,.,6.000000,1.000000,,6.0
INDEL,I1_5,*,PASS,*,QUAL,*,0.0,0.0,0.875,,1,0,1100000,9060.000000,0.000000,1,.,.,0.000000,1.000000,,0.0,0,.,.,0.000000,0.000000,,,1,.,.,0.000000,1.000000,,0.0,8,.,.,7.000000,1.000000,,7.0,0,.,.,0.000000,0.000000,,,1,.,.,1.000000,0.000000,,,7,.,.,6.000000,1.000000,,6.0
INDEL,I1_5,TS_contained,ALL,*,QUAL,*,0.0,0.0,0.0,,1,0,9060.000000,9060.000000,0.000000,1,.,.,0.000000,1.000000,,0.0,0,.,.,0.000000,0.000000,,,1,.,.,0.000000,1.000000,,0.0,1,.,.,1.000000,0.000000,,,0,.,.,0.000000,0.000000,,,1,.,.,1.000000,0.000000,,,0,.,.,0.000000,0.000000,,
INDEL,I1_5,TS_contained,PASS,*,QUAL,*,0.0,0.0,0.0,,1,0,9060.000000,9060.000000,0.000000,1,.,.,0.000000,1.000000,,0.0,0,.,.,0.000000,0.000000,,,1,.,.,0.000000,1.000000,,0.0,1,.,.,1.000000,0.000000,,,0,.,.,0.000000,0.000000,,,1,.,.,1.000000,0.000000,,,0,.,.,0.000000,0.000000,,
INDEL,I6_15,*,ALL,*,QUAL,*,0.0,0.0,0.0,,0,0,1100000,9060.000000,0.000000,0,.,.,0.000000,0.000000,,,0,.,.,0.000000,0.000000,,,0,.,.,0.000000,0.000000,,,0,.,.,0.000000,0.000000,,,0,.,.,0.000000,0.000000,,,0,.,.,0.000000,0.000000,,,0,.,.,0.000000,0.000000,,
INDEL,I6_15,*,PASS,*,QUAL,*,0.0,0.0,0.0,,0,0,1100000,9060.000000,0.000000,0,.,.,0.000000,0.000000,,,0,.,.,0.000000,0.000000,,,0,.,.,0.000000,0.000000,,,0,.,.,0.000000,0.000000,,,0,.,.,0.000000,0.000000,,,0,.,.,0.000000,0.000000,,,0,.,.,0.000000,0.000000,,
INDEL,I6_15,TS_contained,ALL,*,QUAL,*,0.0,0.0,0.0,,0,0,9060.000000,9060.000000,0.000000,0,.,.,0.000000,0.000000,,,0,.,.,0.000000,0.000000,,,0,.,.,0.000000,0.000000,,,0,.,.,0.000000,0.000000,,,0,.,.,0.000000,0.000000,,,0,.,.,0.000000,0.000000,,,0,.,.,0.000000,0.000000,,
INDEL,I6_15,TS_contained,PASS,*,QUAL,*,0.0,0.0,0.0,,0,0,9060.000000,9060.000000,0.000000,0,.,.,0.000000,0.000000,,,0,.,.,0.000000,0.000000,,,0,.,.,0.000000,0.000000,,,0,.,.,0.000000,0.000000,,,0,.,.,0.000000,0.000000,,,0,.,.,0.000000,0.000000,,,0,.,.,0.000000,0.000000,,
SNP,*,*,ALL,*,QUAL,*,1.0,1.0,0.266667,1.0,0,0,1100000,9060.000000,0.000000,44,24.000000,20.000000,11.000000,33.000000,1.2,0.333333333333,44,24.000000,20.000000,11.000000,33.000000,1.2,0.333333333333,0,0.000000,0.000000,0.000000,0.000000,,,60,34.000000,26.000000,21.000000,39.000000,1.30769230769,0.538461538462,44,24.000000,20.000000,11.000000,33.000000,1.2,0.333333333333,0,0.000000,0.000000,0.000000,0.000000,,,16,10.000000,6.000000,10.000000,6.000000,1.66666666667,1.66666666667
SNP,*,*,PASS,*,QUAL,*,1.0,1.0,0.266667,1.0,0,0,1100000,9060.000000,0.000000,44,24.000000,20.000000,11.000000,33.000000,1.2,0.333333333333,44,24.000000,20.000000,11.000000,33.000000,1.2,0.333333333333,0,0.000000,0.000000,0.000000,0.000000,,,60,34.000000,26.000000,21.000000,39.000000,1.30769230769,0.538461538462,44,24.000000,20.000000,11.000000,33.000000,1.2,0.333333333333,0,0.000000,0.000000,0.000000,0.000000,,,16,10.000000,6.000000,10.000000,6.000000,1.66666666667,1.66666666667
SNP,*,TS_contained,ALL,*,QUAL,*,1.0,1.0,0.0,1.0,0,0,9060.000000,9060.000000,0.000000,44,24.000000,20.000000,11.000000,33.000000,1.2,0.333333333333,44,24.000000,20.000000,11.000000,33.000000,1.2,0.333333333333,0,0.000000,0.000000,0.000000,0.000000,,,44,24.000000,20.000000,11.000000,33.000000,1.2,0.333333333333,44,24.000000,20.000000,11.000000,33.000000,1.2,0.333333333333,0,0.000000,0.000000,0.000000,0.000000,,,0,0.000000,0.000000,0.000000,0.000000,,
SNP,*,TS_contained,PASS,*,QUAL,*,1.0,1.0,0.0,1.0,0,0,9060.000000,9060.000000,0.000000,44,24.000000,20.000000,11.000000,33.000000,1.2,0.333333333333,44,24.000000,20.000000,11.000000,33.000000,1.2,0.333333333333,0,0.000000,0.000000,0.000000,0.000000,,,44,24.000000,20.000000,11.000000,33.000000,1.2,0.333333333333,44,24.000000,20.000000,11.000000,33.000000,1.2,0.333333333333,0,0.000000,0.000000,0.000000,0.000000,,,0,0.000000,0.000000,0.000000,0.000000,,
